,column: 1958 function: mean,column: 1959 function: mean,column: 1958 functions: amplitude,column: 1959 functions: amplitude
0,386.72727272727275,436.1818181818182,151,188
1,386.72727272727275,436.1818181818182,143,153
2,386.72727272727275,436.1818181818182,56,67
3,386.72727272727275,436.1818181818182,-4,-13
4,386.72727272727275,436.1818181818182,-125,-110
5,386.72727272727275,436.1818181818182,-154,-143
