,name:1958 functions:mean,name:1958 functions:amplitude,name:1959 functions:mean,name:1959 functions:amplitude
0,386.72727272727275,151,436.1818181818182,188
1,386.72727272727275,143,436.1818181818182,153
2,386.72727272727275,56,436.1818181818182,67
3,386.72727272727275,-4,436.1818181818182,-13
4,386.72727272727275,-125,436.1818181818182,-110
5,386.72727272727275,-154,436.1818181818182,-143
